{
  "Component-preload.js": 1720007122495,
  "controller/ErrorHandler.js": 1719414488581,
  "model/models.js": 1719414488575,
  "model/formatter.js": 1719414488588,
  "controller/Worklist.controller.js": 1719414488586,
  "controller/Object.controller.js": 1719414488585,
  "controller/NotFound.controller.js": 1719414488583,
  "utils/locate-reuse-libs.js": 1719414488573,
  "controller/BaseController.js": 1719414488580,
  "controller/App.controller.js": 1719414488580,
  "manifest.json": 1720007122315,
  "Component.js": 1719485213839,
  "controller/BaseController-dbg.js": 1719414488580,
  "controller/BaseController.js.map": 1720007122399,
  "model/models-dbg.js": 1719414488575,
  "model/models.js.map": 1720007122397,
  "model/formatter-dbg.js": 1719414488588,
  "model/formatter.js.map": 1720007122397,
  "controller/Worklist-dbg.controller.js": 1719414488586,
  "controller/Worklist.controller.js.map": 1720007122409,
  "controller/Object-dbg.controller.js": 1719414488585,
  "controller/Object.controller.js.map": 1720007122405,
  "controller/NotFound-dbg.controller.js": 1719414488583,
  "controller/NotFound.controller.js.map": 1720007122399,
  "utils/locate-reuse-libs-dbg.js": 1719414488573,
  "utils/locate-reuse-libs.js.map": 1720007122412,
  "controller/ErrorHandler-dbg.js": 1719414488581,
  "controller/ErrorHandler.js.map": 1720007122406,
  "controller/App-dbg.controller.js": 1719414488580,
  "controller/App.controller.js.map": 1720007122406,
  "Component-dbg.js": 1719485213839,
  "Component.js.map": 1720007122410,
  "i18n/i18n.properties": 1719414488572,
  "Component-preload.js.map": 1720007122495,
  "view/Worklist.view.xml": 1719414488593,
  "view/ObjectNotFound.view.xml": 1719414488593,
  "view/Object.view.xml": 1719414488591,
  "view/NotFound.view.xml": 1719414488591,
  "view/App.view.xml": 1719414488590,
  "index.html": 1719414488568
}