{
  "controller/ErrorHandler.js.map": 1720010663857,
  "Component.js": 1719414746378,
  "model/models.js": 1716985108423,
  "model/formatter.js": 1716985108437,
  "controller/Worklist.controller.js": 1719411005281,
  "controller/Object.controller.js": 1719415135204,
  "controller/NotFound.controller.js": 1717416892029,
  "controller/ErrorHandler.js": 1716985108431,
  "controller/BaseController.js": 1716985108427,
  "controller/App.controller.js": 1716985108427,
  "manifest.json": 1720010663765,
  "utils/locate-reuse-libs.js": 1716985108421,
  "controller/BaseController-dbg.js": 1716985108427,
  "controller/BaseController.js.map": 1720010663850,
  "model/models-dbg.js": 1716985108423,
  "model/models.js.map": 1720010663850,
  "model/formatter-dbg.js": 1716985108437,
  "model/formatter.js.map": 1720010663848,
  "controller/Worklist-dbg.controller.js": 1719411005281,
  "controller/Worklist.controller.js.map": 1720010663861,
  "controller/Object-dbg.controller.js": 1719415135204,
  "controller/Object.controller.js.map": 1720010663862,
  "controller/NotFound-dbg.controller.js": 1717416892029,
  "controller/NotFound.controller.js.map": 1720010663852,
  "controller/ErrorHandler-dbg.js": 1716985108431,
  "i18n/i18n.properties": 1716985108419,
  "Component-dbg.js": 1719414746378,
  "Component.js.map": 1720010663858,
  "controller/App-dbg.controller.js": 1716985108427,
  "controller/App.controller.js.map": 1720010663858,
  "utils/locate-reuse-libs-dbg.js": 1716985108421,
  "utils/locate-reuse-libs.js.map": 1720010663867,
  "Component-preload.js": 1720010663949,
  "Component-preload.js.map": 1720010663949,
  "view/Worklist.view.xml": 1719410889751,
  "view/ObjectNotFound.view.xml": 1716985108447,
  "view/Object.view.xml": 1719488452109,
  "view/NotFound.view.xml": 1716985108444,
  "view/App.view.xml": 1716985108444,
  "index.html": 1716985108417
}